[
  {
    "id": "001",
    "text": "I can't believe we actually did it! What an amazing victory!",
    "character": "Hero",
    "scene": "battlefield",
    "emotion": "Happy"
  },
  {
    "id": "002",
    "text": "Why does it always have to end this way... I wish things were different.",
    "character": "Friend",
    "scene": "evening_rain",
    "emotion": "Sad"
  },
  {
    "id": "003",
    "text": "Watch out! That thing is heading straight toward us!",
    "character": "Sidekick",
    "scene": "city_street",
    "emotion": "Fearful"
  },
  {
    "id": "004",
    "text": "I'm not angry—just disappointed that you didn't trust me.",
    "character": "Mentor",
    "scene": "dojo",
    "emotion": "Disgust"
  },
  {
    "id": "005",
    "text": "Heh, you really think you can beat me? Let's find out!",
    "character": "Villain",
    "scene": "rooftop",
    "emotion": "Angry"
  },
  {
    "id": "006",
    "text": "It's such a peaceful morning. I almost forgot about the chaos of yesterday.",
    "character": "Heroine",
    "scene": "sunrise",
    "emotion": "Neutral"
  },
  {
    "id": "007",
    "text": "Don't give up now! We've come too far to stop here.",
    "character": "Leader",
    "scene": "mountain_path",
    "emotion": "Mixed"
  }
]